번호,제목,요약내용,작성일자,주소
1,쁘띠마레 아기침대 범퍼가드 패드 커버 침구 제작기,취향저격 갬성 아기침구 제작기 쁘띠마레 아기침대 침대가드 x 침대패드 x 매트리스커버 © toki 오늘은 많은 분들이 문의주셨던 아기침구 이야기. 아기침대를 바꾸고나니 그에 맞는 또 침구들이 필요해지더라. 그래서...,9시간 전,https://blog.naver.com/toki_s/222737116983
2,"호텔침구 최상의 품질, 시몬스로 픽",ㅎㅎ 소재나 촉감 보다는 디자인에 중점을 많이 두는 제품들을 구매해왔던지라 이제는 품질도 좋은 호텔침구 하나 장만하고 싶더라고요. 물론 온라인 편집샵 등 다양한 곳에서 호텔침구를 구매할 수 있겠지만 침대를...,2022.02.05.,https://blog.naver.com/gwity/222639842160
3,"침구청소기 머리카락, 먼지까지 큐브이녹스로 한번에",큐브이녹스 침구청소기 만나보고 개운하게 치워주고 있답니다. 자주 세탁을 한다고 하지만 쇼파나 이불... 없어서 침구청소기를 사용하기 시작했습니다. 큐브이녹스는 강력한 먼지 흡입과 진동패드 그리고 UV살균까지...,2022.04.25.,https://blog.naver.com/reser45/222711166183
4,인견 시어서커 이불 시원한 침구 고르기,"저는 더위를 많이 타는 편이라 날이 풀리면서 바로 시원한 인견 시어서커 침구를 알아보게 됐어요. 피부에... 여기는 레노마 홈과 같은 익숙한 곳 외에도 많은 브랜드를 가지고 있어서 예단, 차렵, 신혼 침구 등의 준비하기...",2022.05.09.,https://blog.naver.com/ejd0106/222726136781
5,슈퍼싱글침구 자취집에 어울렸던 침구패드,슈퍼싱글침구를 사게 되더라고요. 그러다 보니까 슈퍼싱글 패드까지 사게 됐는데요. 아마 이참에 자취를 시작하시는 분들이나 이 계기로 침구부터 패드까지 겟할 계획이신 분들은 좋은 정보가 될 것 같아요. 저는 처음에...,2022.05.09.,https://blog.naver.com/withlast/222725818066
6,침구청소기 쾌적한 수면 집먼지 진드기 살균 위한 큐브이녹스,예전에는 계절이 바뀔 때마다 침구 청소를 빼놓지 않고 했는데 그래야 개운함도 좋고 아토피는 물론 알러지 등에서도 조금은 자유로운 느낌이 들기 때문이죠. 하지만 요즘은 큐브이녹스 침구청소기 덕분에 일주일에 한두...,2022.04.18.,https://post.naver.com/viewer/postView.naver?volumeNo=33648530&amp;memberNo=639&amp;vType=VERTICAL
7,슈퍼싱글침구세트 구매하기 전 꼭 확인하기!,슈퍼싱글침구세트 후기를 말씀드릴까해여 기존건 너무 오래 됐기도 했고 크기도 침대보다 작은크기라 바꾸게 됐는데 색감 너무 예쁘지 않나여??ㅎㅎ 진짜 이번에 침구 알아보는데 시간을 너무 많이 쓴 것 같아요 하루도...,2일 전,https://blog.naver.com/abhoon69/222737367852
8,여름 구스 이불 인견 침대패드까지 여름 침구 세트 완벽하게 세팅 (ft. 헬렌스타인 브랜드),여름 침구세트 완벽하게 세팅하였어요! ft. 헬린스타인 _ HELLENSTEIN 사진. 글. 영상 @비주언니 안녕하세요 비주입니다~^^ 5월인데 에어컨을 찾게 되고 이번 2022년 여름은 엄청 빨리 올듯 해요~ 침구세트를 이번에 바꿨더니...,3일 전,https://blog.naver.com/heena_mom/222735690944
9,시몬스침대 신혼을 위한 호텔침구 매트리스 추천,- # 함께하면 좋을 아이템 호텔 침구로 명성이 자자한 SIMMONS BEDDING으로 프레임과 매트리스를 더욱 아름답게 스타일링해 보자. - 프란시스 라실 반복적인 플라워 패턴 프린팅이 매력적인 신상 케노샤 <프란시스 라실>은...,2022.01.10.,https://post.naver.com/viewer/postView.naver?volumeNo=33086849&amp;memberNo=4444311&amp;vType=VERTICAL
10,슈퍼킹침구 싱글침구 둘다 쉽게 장만,슈퍼킹침구가 상한 걸 보고 교체해드리겠다 싶어서 집 근처에 있는 코지네스트에서 슈퍼싱글침구까지 알아보러 가기로 했어요. 오래간만에 어머니랑 함께 데이트하는 기분으로 외출을 했는데요. 이곳은 200평의 큰 규모의...,4일 전,https://cafe.naver.com/ungsangjang/505871
