영상 번호,제목,주소
1,조명추천💡조명만 몇백 개 본 리빙 편집숍 디자인팀이 추천하는 조명,https://www.youtube.com/watch?v=Bz0PEb5CSTo
2,[소장각💡조명 추천] 이케아에서 꼭 사야하는 조명 3가지!!,https://www.youtube.com/watch?v=EcW4py8igtg
3,"인테리어 조명 추천 8 | 루이스폴센 판텔라, 루이스폴센 PH 4/3, 아르떼미데 네시노, 앤트레디션 세타고 포터블 램프, 네모라이팅 랑프 드 마르세유, 에프에프 컬렉티브",https://www.youtube.com/watch?v=N35VRUbu6_E
4,"내돈내산 1만원~90만원대 인테리어 조명 추천 5가지 | 루이스폴센, 우메이, 이케아 | Louis poulsen, umage, ikea",https://www.youtube.com/watch?v=bAgtZteiQAw
5,"우리집 분위기 담당✨ 인테리어 조명 추천 & 리뷰 | 렉슨, 일광전구, 이케아, 선셋 조명",https://www.youtube.com/watch?v=EP8tbIzeBFs
6,"[영상초보가이드] 어떤 모양의 조명을 선택해야 하나, 후회 없는 선택을 위한",https://www.youtube.com/watch?v=bv5PkqjIGvM
7,"스마트조명 추천, 스마트조명계의 원조, LIFX 추천 리뷰 영상",https://www.youtube.com/watch?v=nKNB_hY5o-k
8,"거실 조명 인테리어 추천 | 조명종류, 매입등, 간접조명, 라인조명, 펜던트 등, 실링팬 시공",https://www.youtube.com/watch?v=dKNHd2uNK4w
9,[을지로 조명가게 스타일별 조명 6종 추천] 직접 써본 조명 리뷰 | 제품설명 | 가격 | 스타일별매치 |,https://www.youtube.com/watch?v=CnWy0ELYEyc
10,방송조명 추천 판매순위 Top10 || 가격 평점 후기 비교,https://www.youtube.com/watch?v=qbYoKRcxxxo
11,유튜브 퀄리티 2배 끌어올리는 sl60w 영상 조명(유튜브 촬영은 조명이 30% 기여합니다),https://www.youtube.com/watch?v=x6Ff6ihm7Yo
12,집에 두면 분위기 확 사는 조명 추천! / 앤트레디션 세타고 / 아르떼미데 네소 / 루이스폴센 판델라,https://www.youtube.com/watch?v=-BbzUXrJLCg
13,"깔끔하게 인테리어 하기 좋은 이케아 추천템 9 | 조명, 가구, 선반, 러그, 테이블, 소품 등",https://www.youtube.com/watch?v=Pu7oUL_gmGs
14,"유튜브 RGB 컬러 조명 추천 ""난라이트 파보튜브 6C"" NANLITE Pavotube II 6C",https://www.youtube.com/watch?v=1PhOm7-hhYQ
15,유튜브 시작하는 분들께 추천하는 RGB 컬러 조명 고독스 CL10 가성비 최고 예쁜 배경 만들고 떡상하세요!!,https://www.youtube.com/watch?v=IqKCbaxM_u4
16,30평대 인테리어 조명만 바꿔도 집이 예뻐지는 방법,https://www.youtube.com/watch?v=IWve7X2JqC8
17,"진작 살껄, 유튜버 조명 추천 고독스 SL60W (가성비 조명)",https://www.youtube.com/watch?v=IB9cfLUMtiI
18,11월 마지막주 쇼핑 하울/이케아 조명 추천/소니 헤드폰wh1000xm4/방인테리어소품 추천,https://www.youtube.com/watch?v=fAMwhZpCBeg
19,(촬영조명 추천) 다이소 가서~ 2만원으로? 2세트 사세요!^^ (언박싱+리뷰+설치후기) 유튜브제작/온라인수업,https://www.youtube.com/watch?v=BKjTZnpY19c
20,초보자도 다루기 쉬운 국민 조명 추천합니다! [Aputure 600X pro] 촬영 조명 추천,https://www.youtube.com/watch?v=V2xp6v5a_Cc
21,조명은 예쁘면서 그리고 반드시 불을 켰을 때 눈건강에도 좋아야 합니다.거실등 방등을 제대로 고르는 4가지 방법을 알려드리겠습니다.,https://www.youtube.com/watch?v=nauImqHZvfI
22,단스탠드 추천_스탠드조명 인테리어 (소재에 따른 장단점),https://www.youtube.com/watch?v=JpDyLOh3ba0
23,인테리어 조명 추천 BEST5 / 가성비 인기순위 가격비교 / 2022 2021 구매리뷰 성능후기,https://www.youtube.com/watch?v=6_2flfScXKA
24,뭘 좀 아는 사람들이 투자하는 인테리어 소품! (아는 사람만 안다는 감성 인테리어 조명 추천 3가지),https://www.youtube.com/watch?v=CrJS1LH5sBI
25,2022년 식탁조명 가성비상품  추천순위 TOP10,https://www.youtube.com/watch?v=XyrL161Y--g
26,어항 조명 추천 판매순위 Top10 || 가격 평점 후기 비교,https://www.youtube.com/watch?v=9TCs1zoLY_c
27,어항조명 추천 판매순위 Top10 || 가격 평점 후기 비교,https://www.youtube.com/watch?v=gQuaAzhQQ4E
28,라인조명 종류 / 설치방법 / 조명 색온도추천 / LED바 납땜 연결의 중요성 / LED바 배열  /  감성조명 / 점등방식 / LED Line Profile [불킴의 조명라이프],https://www.youtube.com/watch?v=lURno7cSgM4
29,거실조명 찾으시나요? 상품리뷰기반 거실조명 추천 BEST 5,https://www.youtube.com/watch?v=jsQH4qYdY3I
30,명품조명 브랜드 딱 3군데만 골라서 추천해드립니다!,https://www.youtube.com/watch?v=1Shg5RXse4w
31,유튜브 인방 조명 추천 순위 룩스패드-엘가토-고독스-FOMEX-난라이트 [탑성비5],https://www.youtube.com/watch?v=AGA6pA6agVE
32,갓성비 유튜브 조명 추천 울란지 VL120 RGB LED 미니포켓 조명,https://www.youtube.com/watch?v=QDqPkhNNgwE
33,장스탠드 추천 인기 제품 순위 상품평 리뷰 거실 인테리어 스탠드 침대 대형 침실 무드등,https://www.youtube.com/watch?v=2afvhexlTtU
34,침실 홈스타일링 ㅣ 매트리스 정보와 조명 추천,https://www.youtube.com/watch?v=6ZwPuy9eyC4
35,[⚡EP08] 인테리어 카페조명 추천하고 설치했습니다.,https://www.youtube.com/watch?v=K-HL0BBExvc
36,신제품 가성비 대박 사진조명/ SMDV B120/ 풀발광 900컷 이상/ 120w급 입문용 조명추천/,https://www.youtube.com/watch?v=zoVZqMFiqNY
37,색온도 조절부터 가볍기까지? 더욱 강력해진 고독스 조명 Godox ML60Bi (feat. 아직도 SL60W 찾으세요?),https://www.youtube.com/watch?v=zGgcg4QNMTI
